Name,Type,File,Dependencies,Used In Recipes,Recipe Outputs,Hardness,Resistance,Tool,Creative Tabs,Has GUI,Recipe Type,Inputs,Output,Output Count,Durability,Enchantability,Repair Items,Health,Attack,Spawn Biomes,Drops
BadaBingBadaBOOM.mod,achievement,BadaBingBadaBOOM.mod,,,,,,,,,,,,,,,,,,,
SkiesTheLimit.mod,achievement,SkiesTheLimit.mod,,,,,,,,,,,,,,,,,,,
XMarksTheSpot.mod,achievement,XMarksTheSpot.mod,,,,,,,,,,,,,,,,,,,
Aqualith,armor,AqualithArmor.mod,,"aqualith_armor_boots_recipe, aqualith_armor_boots_recipe, aqualith_armor_boots_recipe, aqualith_armor_boots_recipe, aqualith_armor_chestplate_recipe, aqualith_armor_chestplate_recipe, aqualith_armor_chestplate_recipe, aqualith_armor_chestplate_recipe, aqualith_armor_chestplate_recipe, aqualith_armor_chestplate_recipe, aqualith_armor_chestplate_recipe, aqualith_armor_chestplate_recipe, aqualith_armor_helmet_recipe, aqualith_armor_helmet_recipe, aqualith_armor_helmet_recipe, aqualith_armor_helmet_recipe, aqualith_armor_helmet_recipe, aqualith_armor_leggings_recipe, aqualith_armor_leggings_recipe, aqualith_armor_leggings_recipe, aqualith_armor_leggings_recipe, aqualith_armor_leggings_recipe, aqualith_armor_leggings_recipe, aqualith_armor_leggings_recipe, aqualith_axe_recipe, aqualith_axe_recipe, aqualith_axe_recipe, aqualith_hoe_recipe, aqualith_hoe_recipe, aqualith_ore_block_recipe, aqualith_ore_block_recipe, aqualith_ore_block_recipe, aqualith_ore_block_recipe, aqualith_ore_block_recipe, aqualith_ore_block_recipe, aqualith_ore_block_recipe, aqualith_ore_block_recipe, aqualith_ore_block_recipe, aqualith_pickaxe_recipe, aqualith_pickaxe_recipe, aqualith_pickaxe_recipe, aqualith_shovel_recipe, aqualith_sword_recipe, aqualith_sword_recipe",aqualith_block_ore_recipe,,,,,,,,,,39.0,36.0,Aqualith,,,,
Titanium,armor,TitaniumArmour.mod,,,,,,,,,,,,,15.0,9.0,TitaniumIngot,,,,
Apalatian,attribute,Apalatian.mod,,,,,,,,,,,,,,,,,,,
Sky Flats,biome,SkyFlats.mod,,,,,,,,,,,,,,,,,,,
Wild Tundra,biome,WildTundra.mod,,,,,,,,,,,,,,,,,,,
Alpha 2 Statue,block,Alpha2Statue.mod,,,,1.0,10.0,Not specified,,Yes,,,,,,,,,,,
Aqualith Ore,block,AqualithOre.mod,,,,12.0,15.157165665103982,pickaxe,BUILDING_BLOCKS,No,,,,,,,,,,,
Asphalt,block,Asphalt.mod,,,,1.1,10.0,pickaxe,CUSTOM:TheGreatExpansion,No,,,,,,,,,,,
Asphalt Slabs,block,AsphaltSlabs.mod,,,,1.0,10.0,Not specified,CUSTOM:TheGreatExpansion,No,,,,,,,,,,,
Asphalt Stairs,block,AsphaltStairs.mod,,,,1.0,10.0,Not specified,CUSTOM:TheGreatExpansion,No,,,,,,,,,,,
Bauxite,block,Bauxite.mod,,,,1.0,10.0,pickaxe,CUSTOM:TheGreatExpansion,No,,,,,,,,,,,
Big Snowman,block,BigSnowman.mod,,,,1.0,10.0,Not specified,,No,,,,,,,,,,,
Block of Aqualith,block,AqualithBlock.mod,,,,5.0,10.0,pickaxe,BUILDING_BLOCKS,No,,,,,,,,,,,
Cassiterite Ore,block,CassiteriteOre.mod,,,,1.0,10.0,pickaxe,CUSTOM:TheGreatExpansion,No,,,,,,,,,,,
Cinnabar Ore,block,CinnabarOre.mod,,,,1.0,10.0,pickaxe,CUSTOM:TheGreatExpansion,No,,,,,,,,,,,
Cobblestone Pillar,block,CobblestonePillar.mod,,,,1.0,10.0,Not specified,CUSTOM:TheGreatExpansion,No,,,,,,,,,,,
Cobblestone Pillar 3 Way,block,CobblestonePillar3Way.mod,,,,1.0,10.0,Not specified,CUSTOM:TheGreatExpansion,No,,,,,,,,,,,
Cobblestone Pillar 4 Way,block,CobblestonePillar4Way.mod,,,,1.0,10.0,Not specified,CUSTOM:TheGreatExpansion,No,,,,,,,,,,,
Cobblestone Pillar Base,block,CobblestonePillarBase.mod,,,,1.0,10.0,Not specified,CUSTOM:TheGreatExpansion,No,,,,,,,,,,,
Cobblestone Pillar T Section,block,CobblestonePillarTSection.mod,,,,1.0,10.0,Not specified,CUSTOM:TheGreatExpansion,No,,,,,,,,,,,
Cobblestone Pillar Topper,block,CobblestonePillarTopper.mod,,,,1.0,10.0,Not specified,CUSTOM:TheGreatExpansion,No,,,,,,,,,,,
Cobblestone Side Pillar,block,CobblestoneSidePillar.mod,,,,1.0,10.0,Not specified,CUSTOM:TheGreatExpansion,No,,,,,,,,,,,
Cobblestone Side Pillar 3 Way,block,CobblestoneSidePillar3Way.mod,,,,1.0,10.0,Not specified,CUSTOM:TheGreatExpansion,No,,,,,,,,,,,
Cobblestone Side Pillar 4 Way,block,CobblestoneSidePillar4Way.mod,,,,1.0,10.0,Not specified,CUSTOM:TheGreatExpansion,No,,,,,,,,,,,
Crusher,block,Crusher.mod,,,crusher_recipe,1.0,10.0,Not specified,CUSTOM:TheGreatExpansion,Yes,,,,,,,,,,,
Cryonite Ore,block,CryoniteOre.mod,,,,1.0,10.0,Not specified,,No,,,,,,,,,,,
Filler,block,Filler.mod,,,filler_recipe,1.0,10.0,Not specified,CUSTOM:TheGreatExpansion,Yes,,,,,,,,,,,
Galena Ore,block,GalenaOre.mod,,,,1.0,10.0,pickaxe,CUSTOM:TheGreatExpansion,No,,,,,,,,,,,
Germination Tank,block,GerminationTank.mod,,,,1.0,10.0,Not specified,,Yes,,,,,,,,,,,
Ice Block,block,IceBlock.mod,,,,1.0,10.0,pickaxe,,No,,,,,,,,,,,
Ice Block Door,block,IceBlockDoor.mod,,,,1.0,10.0,pickaxe,,No,,,,,,,,,,,
Ice Block Fence,block,IceBlockFence.mod,,,,1.0,10.0,pickaxe,,No,,,,,,,,,,,
Ice Block Fencegate,block,IceBlockFencegate.mod,,,,1.0,10.0,pickaxe,,No,,,,,,,,,,,
Ice Block Slabs,block,IceBlockSlabs.mod,,,,1.0,10.0,pickaxe,,No,,,,,,,,,,,
Ice Block Stairs,block,IceBlockStairs.mod,,,,1.0,10.0,pickaxe,,No,,,,,,,,,,,
Ice Block Trapdoor,block,IceBlockTrapdoor.mod,,,,1.0,10.0,pickaxe,,No,,,,,,,,,,,
Ice Block Wall,block,IceBlockWall.mod,,,,1.0,10.0,pickaxe,,No,,,,,,,,,,,
Ice Brick Door,block,IceBrickDoor.mod,,,,1.0,10.0,pickaxe,,No,,,,,,,,,,,
Ice Brick Fence,block,IceBrickFence.mod,,,,1.0,10.0,pickaxe,,No,,,,,,,,,,,
Ice Brick Fencegate,block,IceBrickFencegate.mod,,,,1.0,10.0,pickaxe,,No,,,,,,,,,,,
Ice Brick Slabs,block,IceBrickSlabs.mod,,,,1.0,10.0,pickaxe,,No,,,,,,,,,,,
Ice Brick Stairs,block,IceBrickStairs.mod,,,,1.0,10.0,pickaxe,,No,,,,,,,,,,,
Ice Brick Trapdoor,block,IceBrickTrapdoor.mod,,,,1.0,10.0,pickaxe,,No,,,,,,,,,,,
Ice Brick Wall,block,IceBrickWall.mod,,,,1.0,10.0,pickaxe,,No,,,,,,,,,,,
Ice Bricks,block,IceBricks.mod,,,,1.0,10.0,pickaxe,,No,,,,,,,,,,,
Ice Cutter,block,IceCutter.mod,,,,1.0,10.0,pickaxe,,No,,,,,,,,,,,
Ilmenite Ore,block,IlmeniteOre.mod,,,,1.0,10.0,pickaxe,CUSTOM:TheGreatExpansion,No,,,,,,,,,,,
Induction Furnace,block,InductionFurnace.mod,,,,1.0,10.0,pickaxe,,Yes,,,,,,,,,,,
Jewlery Workbench,block,JewleryWorkbench.mod,,,,1.0,10.0,Not specified,,Yes,,,,,,,,,,,
Lavaleer,block,Lavaleer.mod,,,lavaleer_recipe,1.0,10.0,Not specified,,Yes,,,,,,,,,,,
Machine Frame,block,MachineFrame.mod,,,,1.0,10.0,Not specified,CUSTOM:TheGreatExpansion,No,,,,,,,,,,,
Medium Snowman,block,MediumSnowman.mod,,,,1.0,10.0,Not specified,,No,,,,,,,,,,,
Natural Gas Pocket,block,NaturalGasPocket.mod,,,,1.0,10.0,Not specified,CUSTOM:TheGreatExpansion,No,,,,,,,,,,,
Nitrogen Pocket,block,NitrogenPocket.mod,,,,1.0,10.0,Not specified,CUSTOM:TheGreatExpansion,No,,,,,,,,,,,
Packed Sand,block,PackedSand.mod,,,,1.0,10.0,shovel,CUSTOM:TheGreatExpansion,No,,,,,,,,,,,
Packed Sand Brick Stairs,block,PackedSandBrickStairs.mod,,,,3.0,10.0,pickaxe,CUSTOM:TheGreatExpansion,No,,,,,,,,,,,
Packed Sand Bricks,block,PackedSandBricks.mod,,,,3.0,10.0,pickaxe,CUSTOM:TheGreatExpansion,No,,,,,,,,,,,
Packed Sand Stairs,block,PackedSandStairs.mod,,,,1.0,10.0,Not specified,CUSTOM:TheGreatExpansion,No,,,,,,,,,,,
Palo Button,block,PaloButton.mod,,,,2.0,3.0,Not specified,"BUILDING_BLOCKS, CUSTOM:TheGreatExpansion",No,,,,,,,,,,,
Palo Fence,block,PaloFence.mod,,,,2.0,3.0,Not specified,"BUILDING_BLOCKS, CUSTOM:TheGreatExpansion",No,,,,,,,,,,,
Palo Fence Gate,block,PaloFenceGate.mod,,,,2.0,3.0,Not specified,"BUILDING_BLOCKS, CUSTOM:TheGreatExpansion",No,,,,,,,,,,,
Palo Leaves,block,PaloLeaves.mod,,,,0.2,0.2,Not specified,"DECORATIONS, CUSTOM:TheGreatExpansion",No,,,,,,,,,,,
Palo Log,block,PaloLog.mod,,,,2.0,2.0,axe,"BUILDING_BLOCKS, CUSTOM:TheGreatExpansion",No,,,,,,,,,,,
Palo Planks,block,PaloPlanks.mod,,,,2.0,3.0,axe,"BUILDING_BLOCKS, CUSTOM:TheGreatExpansion",No,,,,,,,,,,,
Palo Pressure Plate,block,PaloPressurePlate.mod,,,,2.0,3.0,Not specified,"BUILDING_BLOCKS, CUSTOM:TheGreatExpansion",No,,,,,,,,,,,
Palo Slab,block,PaloSlab.mod,,,,2.0,3.0,Not specified,"BUILDING_BLOCKS, CUSTOM:TheGreatExpansion",No,,,,,,,,,,,
Palo Stairs,block,PaloStairs.mod,,,,3.0,2.0,Not specified,"BUILDING_BLOCKS, CUSTOM:TheGreatExpansion",No,,,,,,,,,,,
Palo Wood,block,PaloWood.mod,,,,2.0,2.0,axe,"BUILDING_BLOCKS, CUSTOM:TheGreatExpansion",No,,,,,,,,,,,
Permafrost,block,Permafrost.mod,,,,1.0,10.0,Not specified,,No,,,,,,,,,,,
Permafrost Iron Ore,block,PermafrostIronOre.mod,,,,1.0,10.0,Not specified,,No,,,,,,,,,,,
Pressure Cooker,block,PressureCooker.mod,,,,1.0,10.0,Not specified,CUSTOM:TheGreatExpansion,Yes,,,,,,,,,,,
Propane Generator,block,PropaneGenerator.mod,,,,1.0,10.0,Not specified,CUSTOM:TheGreatExpansion,Yes,,,,,,,,,,,
Refinery,block,Refinery.mod,,,refinery_recipe,1.0,10.0,Not specified,,Yes,,,,,,,,,,,
Reinforced Chest,block,ReinforcedChest.mod,,,,3.0,10.0,pickaxe,CUSTOM:TheGreatExpansion,Yes,,,,,,,,,,,
Reinforced Permafrost,block,ReinforcedPermafrost.mod,,,,1.0,10.0,Not specified,,No,,,,,,,,,,,
Sand Vault,block,SandVault.mod,,,,1.0,10.0,Not specified,,No,,,,,,,,,,,
Sky Catalyst Marker,block,SkyCatalystMarker.mod,,,,1.0,10.0,Not specified,CUSTOM:TheGreatExpansion,No,,,,,,,,,,,
Sky Stone,block,SkyStone.mod,,,,1.0,10.0,pickaxe,CUSTOM:TheGreatExpansion,No,,,,,,,,,,,
Skyshard Block,block,SkyshardBlock.mod,,,,1.0,10.0,pickaxe,CUSTOM:TheGreatExpansion,No,,,,,,,,,,,
Skywood Button,block,SkywoodButton.mod,,,,0.5,0.5,axe,BUILDING_BLOCKS,No,,,,,,,,,,,
Skywood Door,block,SkywoodDoor.mod,,,,3.0,3.0,axe,BUILDING_BLOCKS,No,,,,,,,,,,,
Skywood Fence,block,SkywoodFence.mod,,,,2.0,3.0,axe,BUILDING_BLOCKS,No,,,,,,,,,,,
Skywood Fence Gate,block,SkywoodFenceGate.mod,,,,2.0,3.0,axe,BUILDING_BLOCKS,No,,,,,,,,,,,
Skywood Leaves,block,SkywoodLeaves.mod,,,,0.2,0.2,Not specified,DECORATIONS,No,,,,,,,,,,,
Skywood Log,block,SkywoodLog.mod,,,,2.0,2.0,axe,BUILDING_BLOCKS,No,,,,,,,,,,,
Skywood Planks,block,SkywoodPlanks.mod,,,,2.0,3.0,axe,BUILDING_BLOCKS,No,,,,,,,,,,,
Skywood Pressure Plate,block,SkywoodPressurePlate.mod,,,,0.5,0.5,axe,BUILDING_BLOCKS,No,,,,,,,,,,,
Skywood Slab,block,SkywoodSlab.mod,,,,2.0,3.0,axe,BUILDING_BLOCKS,No,,,,,,,,,,,
Skywood Stairs,block,SkywoodStairs.mod,,,,2.0,3.0,axe,BUILDING_BLOCKS,No,,,,,,,,,,,
Skywood Trapdoor,block,SkywoodTrapdoor.mod,,,,3.0,3.0,axe,BUILDING_BLOCKS,No,,,,,,,,,,,
Skywood Wood,block,SkywoodWood.mod,,,,2.0,2.0,axe,BUILDING_BLOCKS,No,,,,,,,,,,,
Small Snowman,block,SmallSnowman.mod,,,,1.0,10.0,Not specified,,No,,,,,,,,,,,
Steel Frame,block,SteelFrame.mod,,,,1.0,10.0,Not specified,CUSTOM:TheGreatExpansion,No,,,,,,,,,,,
Stripped Skywood Log,block,StrippedSkywoodLog.mod,,,,2.0,2.0,axe,BUILDING_BLOCKS,No,,,,,,,,,,,
Stripped Skywood Wood,block,StrippedSkywoodWood.mod,,,,2.0,2.0,axe,BUILDING_BLOCKS,No,,,,,,,,,,,
The Skylands,dimension,TheSkylands.mod,"SkyFlats, mutated_forest, plains, stone_beach, beaches",,,,,,,,,,,,,,,,,,
Alpentall,enchantment,Alpentall.mod,,,,,,,,,,,,,,,,,,,
PaloTree.mod,feature,PaloTree.mod,,,,,,,,,,,,,,,,,,,
Crude Oil,fluid,CrudeOil.mod,,,,,,,,,,,,,,,,,,,
WaterTank.mod,fluid_tanks,WaterTank.mod,,,,,,,,,,,,,,,,,,,
Alpha2StatueGUI.mod,gui,Alpha2StatueGUI.mod,,,,,,,,,,,,,,,,,,,
CrusherGUI.mod,gui,CrusherGUI.mod,,,,,,,,,,,,,,,,,,,
FillerGUI.mod,gui,FillerGUI.mod,,,,,,,,,,,,,,,,,,,
GerminationTankGUI.mod,gui,GerminationTankGUI.mod,,,,,,,,,,,,,,,,,,,
InductionFurnaceGUI.mod,gui,InductionFurnaceGUI.mod,,,,,,,,,,,,,,,,,,,
JewleryWorkbenchGUI.mod,gui,JewleryWorkbenchGUI.mod,,,,,,,,,,,,,,,,,,,
LavaleerGUI.mod,gui,LavaleerGUI.mod,,,,,,,,,,,,,,,,,,,
PressureCookerGUI.mod,gui,PressureCookerGUI.mod,,,,,,,,,,,,,,,,,,,
PropaneGeneratorGUI.mod,gui,PropaneGeneratorGUI.mod,,,,,,,,,,,,,,,,,,,
RefineryGUI.mod,gui,RefineryGUI.mod,,,,,,,,,,,,,,,,,,,
ReinforcedChestGUI.mod,gui,ReinforcedChestGUI.mod,,,,,,,,,,,,,,,,,,,
Aluminum Ingot,item,AluminumIngot.mod,,,,,,,,,,,,,,,,,,,
Diesel 38 fl oz,item,Diesel1.mod,,,,,,,,,,,,,,,,,,,
Empty Propane Tank,item,EmptyPropaneTank.mod,,,,,,,,,,,,,,,,,,,
Filled Propane Tank,item,FilledPropaneTank.mod,,,,,,,,,,,,,,,,,,,
Gasoline 60 fl oz,item,Gasoline1.mod,,,,,,,,,,,,,,,,,,,
Lead Arrow,item,LeadArrow.mod,,,,,,,,,,,,,,,,,,,
Lead Ingot,item,LeadIngot.mod,,,,,,,,,,,,,,,,,,,
Mercury Ingot,item,MercuryIngot.mod,,,,,,,,,,,,,,,,,,,
Propane (Gas),item,Propane.mod,,,,,,,,,,,,,,,,,,,
Silicon Dust,item,SiliconDust.mod,,,,,,,,,,,,,,,,,,,
Silicon Ingot,item,SiliconIngot.mod,,,,,,,,,,,,,,,,,,,
Silicon Padding Boots,item,SiliconPaddingBoots.mod,,,,,,,,,,,,,,,,,,,
Silicon Padding Chestplate,item,SiliconPaddingChestplate.mod,,,,,,,,,,,,,,,,,,,
Silicon Padding Helmet,item,SiliconPaddingHelmet.mod,,,,,,,,,,,,,,,,,,,
Silicon Padding Pants,item,SiliconPaddingPants.mod,,,,,,,,,,,,,,,,,,,
Silicon Sheets,item,SiliconSheets.mod,,,,,,,,,,,,,,,,,,,
Sky Berries,item,SkyBerries.mod,,,,,,,,,,,,,,,,,,,
Sky Catalyst,item,SkyCatalyst.mod,,,,,,,,,,,,,,,,,,,
Skylariam Gem,item,SkylariamGem.mod,,,,,,,,,,,,,,,,,,,
Skyshard,item,Skyshard.mod,,"sky_catalyst_recipe, sky_catalyst_recipe, sky_catalyst_recipe, sky_catalyst_recipe",,,,,,,,,,,,,,,,,
Snowscape,item,SnowscapeDisk.mod,,,,,,,,,,,,,,,,,,,
Steel Beams,item,SteelBeams.mod,,,,,,,,,,,,,,,,,,,
Steel Face Plate,item,SteelFacePlate.mod,,,,,,,,,,,,,,,,,,,
Steel Ingot,item,SteelIngot.mod,,,,,,,,,,,,,,,,,,,
Steel Powder,item,SteelPowder.mod,,,,,,,,,,,,,,,,,,,
Tin Ingot,item,TinIngot.mod,,,,,,,,,,,,,,,,,,,
Titanium Ingot,item,TitaniumIngot.mod,,,,,,,,,,,,,,,,,,,
SteelPowderJEI.mod,jeirecipe,SteelPowderJEI.mod,,,,,,,,,,,,,,,,,,,
blocks/skyshard_block,loottable,SkyshardBlockLootTable.mod,,,,,,,,,,,,,,,,,,,
Sand Crab,mob,SandCrab.mod,,,,,,,,,,,,,,,,10.0,3.0,desert,
Sub Zombie,mob,SubZombie.mod,,,,,,,,,,,,,,,,10.0,3.0,"WildTundra, frozen_ocean, frozen_peaks, frozen_river, mutated_ice_flats, snowy_slopes, cold_beach, snowy_tundra, taiga_cold, taiga",
Hellebore,plant,Hellebore.mod,,,,,,,,,,,,,,,,,,,
Palo Sapling,plant,PaloSapling.mod,,,,,,,,,,,,,,,,,,,
Sky Berry Plant,plant,SkyBerryPlant.mod,,,,,,,,,,,,,,,,,,,
Snow Lily,plant,SnowLily.mod,,,,,,,,,,,,,,,,,,,
Snowdrop,plant,Snowdrop.mod,,,,,,,,,,,,,,,,,,,
Winterberry,plant,Winterberry.mod,,,,,,,,,,,,,,,,,,,
Avencidor,potion,AvencidorPotion.mod,"STRENGTH, HEALTH_BOOST, LUCK",,,,,,,,,,,,,,,,,,
Snowfleck,potion,SnowfleckPotion.mod,"FIRE_RESISTANCE, WATER_BREATHING, HEALTH_BOOST",,,,,,,,,,,,,,,,,,
Snowbound.mod,potioneffect,Snowbound.mod,,,,,,,,,,,,,,,,,,,
CrusherProcedure.mod,procedure,CrusherProcedure.mod,,,,,,,,,,,,,,,,,,,
FillerProc.mod,procedure,FillerProc.mod,,,,,,,,,,,,,,,,,,,
InductionFurnaceCrafting.mod,procedure,InductionFurnaceCrafting.mod,,,,,,,,,,,,,,,,,,,
InductionFurnaceGaugetextureEnergy.mod,procedure,InductionFurnaceGaugetextureEnergy.mod,,,,,,,,,,,,,,,,,,,
InductionFurnaceGaugetextureHeat.mod,procedure,InductionFurnaceGaugetextureHeat.mod,,,,,,,,,,,,,,,,,,,
InductionFurnaceGetEnergy.mod,procedure,InductionFurnaceGetEnergy.mod,,,,,,,,,,,,,,,,,,,
PressureCookerPowerValue.mod,procedure,PressureCookerPowerValue.mod,,,,,,,,,,,,,,,,,,,
PressureCookerProcedure.mod,procedure,PressureCookerProcedure.mod,,,,,,,,,,,,,,,,,,,
PropaneGeneratorOnTickUpdate.mod,procedure,PropaneGeneratorOnTickUpdate.mod,,,,,,,,,,,,,,,,,,,
PropaneGeneratorPowerGauge.mod,procedure,PropaneGeneratorPowerGauge.mod,,,,,,,,,,,,,,,,,,,
PropaneGeneratorPowerValue.mod,procedure,PropaneGeneratorPowerValue.mod,,,,,,,,,,,,,,,,,,,
PropaneGeneratorProcedure.mod,procedure,PropaneGeneratorProcedure.mod,,,,,,,,,,,,,,,,,,,
RefineryProc.mod,procedure,RefineryProc.mod,,,,,,,,,,,,,,,,,,,
ReinforcedChestBlockIsPlacedBy.mod,procedure,ReinforcedChestBlockIsPlacedBy.mod,,,,,,,,,,,,,,,,,,,
ReinforcedChestClose.mod,procedure,ReinforcedChestClose.mod,,,,,,,,,,,,,,,,,,,
ReinforcedChestOnBlockRightClicked.mod,procedure,ReinforcedChestOnBlockRightClicked.mod,,,,,,,,,,,,,,,,,,,
ReinforcedChestOpen.mod,procedure,ReinforcedChestOpen.mod,,,,,,,,,,,,,,,,,,,
SkyCatalystRightclickedOnBlock.mod,procedure,SkyCatalystRightclickedOnBlock.mod,,,,,,,,,,,,,,,,,,,
SteelHammerBlockDestroyedWithTool.mod,procedure,SteelHammerBlockDestroyedWithTool.mod,,,,,,,,,,,,,,,,,,,
SubZombieItIsStruckByLightning.mod,procedure,SubZombieItIsStruckByLightning.mod,,,,,,,,,,,,,,,,,,,
LeadArrowProjectile.mod,projectile,LeadArrowProjectile.mod,,,,,,,,,,,,,,,,,,,
aluminum_ingot_recipe,recipe,AluminumIngotRecipe.mod,,,,,,,,,Smelting,,,1.0,,,,,,,
aqualith_armor_boots_recipe,recipe,AqualithArmorBootsRecipe.mod,"Aqualith, Aqualith, Aqualith, Aqualith",,,,,,,,Crafting,Aqualith + Aqualith + Aqualith + Aqualith,AqualithArmor.boots,1.0,,,,,,,
aqualith_armor_chestplate_recipe,recipe,AqualithArmorChestplateRecipe.mod,"Aqualith, Aqualith, Aqualith, Aqualith, Aqualith, Aqualith, Aqualith, Aqualith",,,,,,,,Crafting,Aqualith + Aqualith + Aqualith + Aqualith + Aqualith + Aqualith + Aqualith + Aqualith,AqualithArmor.body,1.0,,,,,,,
aqualith_armor_helmet_recipe,recipe,AqualithArmorHelmetRecipe.mod,"Aqualith, Aqualith, Aqualith, Aqualith, Aqualith",,,,,,,,Crafting,Aqualith + Aqualith + Aqualith + Aqualith + Aqualith,AqualithArmor.helmet,1.0,,,,,,,
aqualith_armor_leggings_recipe,recipe,AqualithArmorLeggingsRecipe.mod,"Aqualith, Aqualith, Aqualith, Aqualith, Aqualith, Aqualith, Aqualith",,,,,,,,Crafting,Aqualith + Aqualith + Aqualith + Aqualith + Aqualith + Aqualith + Aqualith,AqualithArmor.legs,1.0,,,,,,,
aqualith_axe_recipe,recipe,AqualithAxeRecipe.mod,"Aqualith, Aqualith, Aqualith, Stick, Stick",,,,,,,,Crafting,Aqualith + Aqualith + Aqualith + Stick + Stick,AqualithAxe,1.0,,,,,,,
aqualith_block_ore_recipe,recipe,AqualithBlockOreRecipe.mod,AqualithBlock,,,,,,,,Crafting,AqualithBlock,Aqualith,9.0,,,,,,,
aqualith_hoe_recipe,recipe,AqualithHoeRecipe.mod,"Aqualith, Aqualith, Stick, Stick",,,,,,,,Crafting,Aqualith + Aqualith + Stick + Stick,AqualithHoe,1.0,,,,,,,
aqualith_ore_block_recipe,recipe,AqualithOreBlockRecipe.mod,"Aqualith, Aqualith, Aqualith, Aqualith, Aqualith, Aqualith, Aqualith, Aqualith, Aqualith",,,,,,,,Crafting,Aqualith + Aqualith + Aqualith + Aqualith + Aqualith + Aqualith + Aqualith + Aqualith + Aqualith,AqualithBlock,1.0,,,,,,,
aqualith_ore_smelting,recipe,AqualithOreSmelting.mod,,,,,,,,,Smelting,,,1.0,,,,,,,
aqualith_pickaxe_recipe,recipe,AqualithPickaxeRecipe.mod,"Aqualith, Aqualith, Aqualith, Stick, Stick",,,,,,,,Crafting,Aqualith + Aqualith + Aqualith + Stick + Stick,AqualithPickaxe,1.0,,,,,,,
aqualith_shovel_recipe,recipe,AqualithShovelRecipe.mod,"Aqualith, Stick, Stick",,,,,,,,Crafting,Aqualith + Stick + Stick,AqualithShovel,1.0,,,,,,,
aqualith_sword_recipe,recipe,AqualithSwordRecipe.mod,"Aqualith, Aqualith, Stick",,,,,,,,Crafting,Aqualith + Aqualith + Stick,AqualithSword,1.0,,,,,,,
asphalt_slabs_recipe,recipe,AsphaltSlabsRecipe.mod,,,,,,,,,Stone cutting,,,1.0,,,,,,,
asphalt_stairs_recipe,recipe,AsphaltStairsRecipe.mod,,,,,,,,,Stone cutting,,,1.0,,,,,,,
cobblestone_pillar_3_way_recipe,recipe,CobblestonePillar3WayRecipe.mod,,,,,,,,,Stone cutting,,,1.0,,,,,,,
cobblestone_pillar_4_way_recipe,recipe,CobblestonePillar4WayRecipe.mod,,,,,,,,,Stone cutting,,,1.0,,,,,,,
cobblestone_pillar_base_recipe,recipe,CobblestonePillarBaseRecipe.mod,,,,,,,,,Stone cutting,,,1.0,,,,,,,
cobblestone_pillar_recipe,recipe,CobblestonePillarRecipe.mod,,,,,,,,,Stone cutting,,,1.0,,,,,,,
cobblestone_pillar_t_section_recipe,recipe,CobblestonePillarTSectionRecipe.mod,,,,,,,,,Stone cutting,,,1.0,,,,,,,
cobblestone_pillar_topper_recipe,recipe,CobblestonePillarTopperRecipe.mod,,,,,,,,,Stone cutting,,,1.0,,,,,,,
cobblestone_side_pillar_3_way_recipe,recipe,CobblestoneSidePillar3WayRecipe.mod,,,,,,,,,Stone cutting,,,1.0,,,,,,,
cobblestone_side_pillar_4_way_recipe,recipe,CobblestoneSidePillar4WayRecipe.mod,,,,,,,,,Stone cutting,,,1.0,,,,,,,
cobblestone_side_pillar_recipe,recipe,CobblestoneSidePillarRecipe.mod,,,,,,,,,Stone cutting,,,1.0,,,,,,,
crusher_recipe,recipe,CrusherRecipe.mod,"TinIngot, Redstone Block, TinIngot, TinIngot, Grindstone, TinIngot, TitaniumIngot, TitaniumIngot, TitaniumIngot",,,,,,,,Crafting,TinIngot + Redstone Block + TinIngot + TinIngot + Grindstone + TinIngot + TitaniumIngot + TitaniumIngot + TitaniumIngot,Crusher,1.0,,,,,,,
diamond_hammer_recipe,recipe,DiamondHammerRecipe.mod,"Diamond, Diamond, Diamond, Diamond, Stick, Diamond, Stick",,,,,,,,Crafting,Diamond + Diamond + Diamond + Diamond + Stick + Diamond + Stick,DiamondHammer,1.0,,,,,,,
filler_recipe,recipe,FillerRecipe.mod,"TinIngot, AluminumIngot, Smooth Stone, Smooth Stone, Smooth Stone",,,,,,,,Crafting,TinIngot + AluminumIngot + Smooth Stone + Smooth Stone + Smooth Stone,Filler,1.0,,,,,,,
ice_cutter_recipe,recipe,IceCutterRecipe.mod,"Planks, Stonecutter, Planks, Planks, Planks, Planks",,,,,,,,Crafting,Planks + Stonecutter + Planks + Planks + Planks + Planks,IceCutter,1.0,,,,,,,
induction_furnace_recipe,recipe,InductionFurnaceRecipe.mod,"Cobbled Deepslate, SteelFrame, Cobbled Deepslate, SteelIngot, Blast Furnace, SteelIngot, Smooth Stone, MachineFrame, Smooth Stone",,,,,,,,Crafting,Cobbled Deepslate + SteelFrame + Cobbled Deepslate + SteelIngot + Blast Furnace + SteelIngot + Smooth Stone + MachineFrame + Smooth Stone,InductionFurnace,1.0,,,,,,,
iron_hammer_recipe,recipe,IronHammerRecipe.mod,"Iron Ingot, Iron Ingot, Iron Ingot, Iron Ingot, Stick, Iron Ingot, Stick",,,,,,,,Crafting,Iron Ingot + Iron Ingot + Iron Ingot + Iron Ingot + Stick + Iron Ingot + Stick,IronHammer,1.0,,,,,,,
jewlery_workbench_recipe,recipe,JewleryWorkbenchRecipe.mod,"SteelIngot, SteelIngot, SteelIngot, Planks, Planks, Planks, Planks",,,,,,,,Crafting,SteelIngot + SteelIngot + SteelIngot + Planks + Planks + Planks + Planks,JewleryWorkbench,1.0,,,,,,,
lavaleer_recipe,recipe,LavaleerRecipe.mod,"Cobbled Deepslate, Cobbled Deepslate, Lava Bucket, Cobbled Deepslate, Smooth Stone, MachineFrame, Smooth Stone",,,,,,,,Crafting,Cobbled Deepslate + Cobbled Deepslate + Lava Bucket + Cobbled Deepslate + Smooth Stone + MachineFrame + Smooth Stone,Lavaleer,1.0,,,,,,,
lead_ingot_recipe,recipe,LeadIngotRecipe.mod,,,,,,,,,Smelting,,,1.0,,,,,,,
machine_frame_recipe,recipe,MachineFrameRecipe.mod,"AluminumIngot, AluminumIngot, SteelFrame, AluminumIngot, AluminumIngot",,,,,,,,Crafting,AluminumIngot + AluminumIngot + SteelFrame + AluminumIngot + AluminumIngot,MachineFrame,1.0,,,,,,,
mercury_ingot_recipe,recipe,MercuryIngotRecipe.mod,,,,,,,,,Smelting,,,1.0,,,,,,,
packed_sand_brick_stairs_recipe,recipe,PackedSandBrickStairsRecipe.mod,,,,,,,,,Stone cutting,,,1.0,,,,,,,
packed_sand_bricks_recipe,recipe,PackedSandBricksRecipe.mod,,,,,,,,,Stone cutting,,,1.0,,,,,,,
packed_sand_recipe,recipe,PackedSandRecipe.mod,"Sand#0, Sand#0, Sand#0, Sand#0, Sand#0, Sand#0, Sand#0, Sand#0, Sand#0",,,,,,,,Crafting,Sand#0 + Sand#0 + Sand#0 + Sand#0 + Sand#0 + Sand#0 + Sand#0 + Sand#0 + Sand#0,PackedSand,1.0,,,,,,,
packed_sand_stairs_recipe,recipe,PackedSandStairsRecipe.mod,,,,,,,,,Stone cutting,,,1.0,,,,,,,
palo_button_recipe,recipe,PaloButtonRecipe.mod,PaloPlanks,,,,,,,,Crafting,PaloPlanks,PaloButton,1.0,,,,,,,
palo_fence_gate_recipe,recipe,PaloFenceGateRecipe.mod,"Stick, PaloPlanks, Stick, Stick, PaloPlanks, Stick",,,,,,,,Crafting,Stick + PaloPlanks + Stick + Stick + PaloPlanks + Stick,PaloFenceGate,1.0,,,,,,,
palo_fence_recipe,recipe,PaloFenceRecipe.mod,"PaloPlanks, Stick, PaloPlanks, PaloPlanks, Stick, PaloPlanks",,,,,,,,Crafting,PaloPlanks + Stick + PaloPlanks + PaloPlanks + Stick + PaloPlanks,PaloFence,3.0,,,,,,,
palo_planks_recipe,recipe,PaloPlanksRecipe.mod,palo_logs,,,,,,,,Crafting,palo_logs,PaloPlanks,4.0,,,,,,,
palo_pressure_plate_recipe,recipe,PaloPressurePlateRecipe.mod,"PaloPlanks, PaloPlanks",,,,,,,,Crafting,PaloPlanks + PaloPlanks,PaloPressurePlate,1.0,,,,,,,
palo_slab_recipe,recipe,PaloSlabRecipe.mod,"PaloPlanks, PaloPlanks, PaloPlanks",,,,,,,,Crafting,PaloPlanks + PaloPlanks + PaloPlanks,PaloSlab,6.0,,,,,,,
palo_stairs_recipe,recipe,PaloStairsRecipe.mod,"PaloPlanks, PaloPlanks, PaloPlanks, PaloPlanks, PaloPlanks, PaloPlanks",,,,,,,,Crafting,PaloPlanks + PaloPlanks + PaloPlanks + PaloPlanks + PaloPlanks + PaloPlanks,PaloStairs,4.0,,,,,,,
palo_wood_recipe,recipe,PaloWoodRecipe.mod,"PaloLog, PaloLog, PaloLog, PaloLog",,,,,,,,Crafting,PaloLog + PaloLog + PaloLog + PaloLog,PaloWood,3.0,,,,,,,
pressure_cooker_recipe,recipe,PressureCookerRecipe.mod,"Smooth Stone, AluminumIngot, Smooth Stone, AluminumIngot, Smoker, AluminumIngot, Smooth Stone, MachineFrame, Smooth Stone",,,,,,,,Crafting,Smooth Stone + AluminumIngot + Smooth Stone + AluminumIngot + Smoker + AluminumIngot + Smooth Stone + MachineFrame + Smooth Stone,PressureCooker,1.0,,,,,,,
propane_tank_recipe,recipe,PropaneTankRecipe.mod,"AluminumIngot, AluminumIngot",,,,,,,,Crafting,AluminumIngot + AluminumIngot,EmptyPropaneTank,1.0,,,,,,,
refinery_recipe,recipe,RefineryRecipe.mod,"TitaniumIngot, TitaniumIngot, SteelIngot, CrudeOil.bucket, SteelIngot, MachineFrame, Campfire, MachineFrame",,,,,,,,Crafting,TitaniumIngot + TitaniumIngot + SteelIngot + CrudeOil.bucket + SteelIngot + MachineFrame + Campfire + MachineFrame,Refinery,1.0,,,,,,,
reinforced_chest_recipe,recipe,ReinforcedChestRecipe.mod,"TitaniumIngot, TitaniumIngot, SteelIngot, Chest, SteelIngot, SteelIngot, SteelFrame, SteelIngot",,,,,,,,Crafting,TitaniumIngot + TitaniumIngot + SteelIngot + Chest + SteelIngot + SteelIngot + SteelFrame + SteelIngot,ReinforcedChest,1.0,,,,,,,
silicon_ingot_recipe,recipe,SiliconIngotRecipe.mod,,,,,,,,,Blasting,,,1.0,,,,,,,
silicon_sheets_recipe,recipe,SiliconSheetsRecipe.mod,"SiliconIngot, SiliconIngot, SiliconIngot",,,,,,,,Crafting,SiliconIngot + SiliconIngot + SiliconIngot,SiliconSheets,1.0,,,,,,,
sky_catalyst_recipe,recipe,SkyCatalystRecipe.mod,"Skyshard, Skyshard, Nether Star, Skyshard, Skyshard",,,,,,,,Crafting,Skyshard + Skyshard + Nether Star + Skyshard + Skyshard,SkylariamGem,1.0,,,,,,,
skylands_ignighter_recipe,recipe,SkylandsIgnighterRecipe.mod,"Flint And Steel, Nether Star",,,,,,,,Crafting,Flint And Steel + Nether Star,TheSkylands,1.0,,,,,,,
skywood_button_recipe,recipe,SkywoodButtonRecipe.mod,SkywoodPlanks,,,,,,,,Crafting,SkywoodPlanks,SkywoodButton,1.0,,,,,,,
skywood_door_recipe,recipe,SkywoodDoorRecipe.mod,"SkywoodPlanks, SkywoodPlanks, SkywoodPlanks, SkywoodPlanks, SkywoodPlanks, SkywoodPlanks",,,,,,,,Crafting,SkywoodPlanks + SkywoodPlanks + SkywoodPlanks + SkywoodPlanks + SkywoodPlanks + SkywoodPlanks,SkywoodDoor,3.0,,,,,,,
skywood_fence_gate_recipe,recipe,SkywoodFenceGateRecipe.mod,"Stick, SkywoodPlanks, Stick, Stick, SkywoodPlanks, Stick",,,,,,,,Crafting,Stick + SkywoodPlanks + Stick + Stick + SkywoodPlanks + Stick,SkywoodFenceGate,1.0,,,,,,,
skywood_fence_recipe,recipe,SkywoodFenceRecipe.mod,"SkywoodPlanks, Stick, SkywoodPlanks, SkywoodPlanks, Stick, SkywoodPlanks",,,,,,,,Crafting,SkywoodPlanks + Stick + SkywoodPlanks + SkywoodPlanks + Stick + SkywoodPlanks,SkywoodFence,3.0,,,,,,,
skywood_planks_recipe,recipe,SkywoodPlanksRecipe.mod,skywood_logs,,,,,,,,Crafting,skywood_logs,SkywoodPlanks,4.0,,,,,,,
skywood_pressure_plate_recipe,recipe,SkywoodPressurePlateRecipe.mod,"SkywoodPlanks, SkywoodPlanks",,,,,,,,Crafting,SkywoodPlanks + SkywoodPlanks,SkywoodPressurePlate,1.0,,,,,,,
skywood_slab_recipe,recipe,SkywoodSlabRecipe.mod,"SkywoodPlanks, SkywoodPlanks, SkywoodPlanks",,,,,,,,Crafting,SkywoodPlanks + SkywoodPlanks + SkywoodPlanks,SkywoodSlab,6.0,,,,,,,
skywood_stairs_recipe,recipe,SkywoodStairsRecipe.mod,"SkywoodPlanks, SkywoodPlanks, SkywoodPlanks, SkywoodPlanks, SkywoodPlanks, SkywoodPlanks",,,,,,,,Crafting,SkywoodPlanks + SkywoodPlanks + SkywoodPlanks + SkywoodPlanks + SkywoodPlanks + SkywoodPlanks,SkywoodStairs,4.0,,,,,,,
skywood_trapdoor_recipe,recipe,SkywoodTrapdoorRecipe.mod,"SkywoodPlanks, SkywoodPlanks, SkywoodPlanks, SkywoodPlanks, SkywoodPlanks, SkywoodPlanks",,,,,,,,Crafting,SkywoodPlanks + SkywoodPlanks + SkywoodPlanks + SkywoodPlanks + SkywoodPlanks + SkywoodPlanks,SkywoodTrapdoor,2.0,,,,,,,
skywood_wood_recipe,recipe,SkywoodWoodRecipe.mod,"SkywoodLog, SkywoodLog, SkywoodLog, SkywoodLog",,,,,,,,Crafting,SkywoodLog + SkywoodLog + SkywoodLog + SkywoodLog,SkywoodWood,3.0,,,,,,,
steel_beams_recipe,recipe,SteelBeamsRecipe.mod,"SteelIngot, SteelIngot",,,,,,,,Crafting,SteelIngot + SteelIngot,SteelBeams,4.0,,,,,,,
steel_face_plate_recipe,recipe,SteelFacePlateRecipe.mod,"SteelBeams, SteelBeams, SteelBeams, SteelBeams, SteelBeams, SteelBeams, SteelBeams, SteelBeams",,,,,,,,Crafting,SteelBeams + SteelBeams + SteelBeams + SteelBeams + SteelBeams + SteelBeams + SteelBeams + SteelBeams,SteelFacePlate,1.0,,,,,,,
steel_frame_recipe,recipe,SteelFrameRecipe.mod,"SteelBeams, SteelBeams, SteelFacePlate, SteelBeams, SteelBeams",,,,,,,,Crafting,SteelBeams + SteelBeams + SteelFacePlate + SteelBeams + SteelBeams,SteelFrame,1.0,,,,,,,
steel_hammer_recipe,recipe,SteelHammerRecipe.mod,"SteelIngot, SteelIngot, SteelIngot, SteelIngot, Stick, SteelIngot, Stick",,,,,,,,Crafting,SteelIngot + SteelIngot + SteelIngot + SteelIngot + Stick + SteelIngot + Stick,SteelHammer,1.0,,,,,,,
steel_ingot_recipe,recipe,SteelIngotRecipe.mod,,,,,,,,,Blasting,,,1.0,,,,,,,
stripped_skywood_wood_recipe,recipe,StrippedSkywoodWoodRecipe.mod,"StrippedSkywoodLog, StrippedSkywoodLog, StrippedSkywoodLog, StrippedSkywoodLog",,,,,,,,Crafting,StrippedSkywoodLog + StrippedSkywoodLog + StrippedSkywoodLog + StrippedSkywoodLog,StrippedSkywoodWood,3.0,,,,,,,
tin_ingot_recipe,recipe,TinIngotRecipe.mod,,,,,,,,,Smelting,,,1.0,,,,,,,
titanium_boots_recipe,recipe,TitaniumBootsRecipe.mod,"TitaniumIngot, TitaniumIngot, TitaniumIngot, TitaniumIngot",,,,,,,,Crafting,TitaniumIngot + TitaniumIngot + TitaniumIngot + TitaniumIngot,TitaniumArmour.boots,1.0,,,,,,,
titanium_chestplate_recipe,recipe,TitaniumChestplateRecipe.mod,"TitaniumIngot, TitaniumIngot, TitaniumIngot, SteelIngot, TitaniumIngot, TitaniumIngot, TitaniumIngot, TitaniumIngot",,,,,,,,Crafting,TitaniumIngot + TitaniumIngot + TitaniumIngot + SteelIngot + TitaniumIngot + TitaniumIngot + TitaniumIngot + TitaniumIngot,TitaniumArmour.body,1.0,,,,,,,
titanium_helmet_recipe,recipe,TitaniumHelmetRecipe.mod,"TitaniumIngot, TitaniumIngot, TitaniumIngot, TitaniumIngot, TitaniumIngot",,,,,,,,Crafting,TitaniumIngot + TitaniumIngot + TitaniumIngot + TitaniumIngot + TitaniumIngot,TitaniumArmour.helmet,1.0,,,,,,,
titanium_ingot_recipe,recipe,TitaniumIngotRecipe.mod,,,,,,,,,Smelting,,,1.0,,,,,,,
titanium_leggings_recipe,recipe,TitaniumLeggingsRecipe.mod,"TitaniumIngot, SteelIngot, TitaniumIngot, TitaniumIngot, TitaniumIngot, TitaniumIngot, TitaniumIngot",,,,,,,,Crafting,TitaniumIngot + SteelIngot + TitaniumIngot + TitaniumIngot + TitaniumIngot + TitaniumIngot + TitaniumIngot,TitaniumArmour.legs,1.0,,,,,,,
titanium_sword_recipe,recipe,TitaniumSwordRecipe.mod,"TitaniumIngot, TitaniumIngot, Stick",,,,,,,,Crafting,TitaniumIngot + TitaniumIngot + Stick,TitaniumSword,1.0,,,,,,,
SkyShrineDamaged.mod,structure,SkyShrineDamaged.mod,,,,,,,,,,,,,,,,,,,
SkyShrinePristine.mod,structure,SkyShrinePristine.mod,,,,,,,,,,,,,,,,,,,
SkyShrineWreaked.mod,structure,SkyShrineWreaked.mod,,,,,,,,,,,,,,,,,,,
The Great Expansion,tab,TheGreatExpansion.mod,,,,,,,,,,,,,,,,,,,
Aqualith Axe,tool,AqualithAxe.mod,Aqualith,,,,,,,,,,,,,,,,,,
Aqualith Hoe,tool,AqualithHoe.mod,Aqualith,,,,,,,,,,,,,,,,,,
Aqualith Pickaxe,tool,AqualithPickaxe.mod,Aqualith,,,,,,,,,,,,,,,,,,
Aqualith Shovel,tool,AqualithShovel.mod,Aqualith,,,,,,,,,,,,,,,,,,
Aqualith Sword,tool,AqualithSword.mod,Aqualith,,,,,,,,,,,,,,,,,,
Diamond Hammer,tool,DiamondHammer.mod,Diamond,,,,,,,,,,,,,,,,,,
Iron Hammer,tool,IronHammer.mod,Iron Ingot,,,,,,,,,,,,,,,,,,
Steel Hammer,tool,SteelHammer.mod,,,,,,,,,,,,,,,,,,,
Titanium Axe,tool,TitaniumAxe.mod,,,,,,,,,,,,,,,,,,,
Titanium Sword,tool,TitaniumSword.mod,TitaniumIngot,,,,,,,,,,,,,,,,,,
Eskimo.mod,villagerprofession,Eskimo.mod,,,,,,,,,,,,,,,,,,,
EskimoTrades.mod,villagertrade,EskimoTrades.mod,,,,,,,,,,,,,,,,,,,
